mcdi_id,mcdi,alt,grammar,incl_reason,source
13,alligator,allie,"singular_noun, diminutive","ollama-suggested diminutive, pending manual review",llama3.1:latest
13,alligator,alligatorie,"singular_noun, diminutive","ollama-suggested diminutive, pending manual review",llama3.1:latest
14,animal,animalie,"singular_noun, diminutive","ollama-suggested diminutive, pending manual review",llama3.1:latest
14,animal,anymal,"singular_noun, diminutive","ollama-suggested diminutive, pending manual review",llama3.1:latest
15,ant,antey,"singular_noun, diminutive","ollama-suggested diminutive, pending manual review",llama3.1:latest
15,ant,antie,"singular_noun, diminutive","ollama-suggested diminutive, pending manual review",llama3.1:latest
16,bear,bearie,"singular_noun, diminutive","ollama-suggested diminutive, pending manual review",llama3.1:latest
16,bear,beary,"singular_noun, diminutive","ollama-suggested diminutive, pending manual review",llama3.1:latest
17,bee,beie,"singular_noun, diminutive","ollama-suggested diminutive, pending manual review",llama3.1:latest
17,bee,bey,"singular_noun, diminutive","ollama-suggested diminutive, pending manual review",llama3.1:latest
18,bird,biddy,"singular_noun, diminutive","ollama-suggested diminutive, pending manual review",llama3.1:latest
18,bird,birdie,"singular_noun, diminutive","ollama-suggested diminutive, pending manual review",llama3.1:latest
19,bug,bugee,"singular_noun, diminutive","ollama-suggested diminutive, pending manual review",llama3.1:latest
19,bug,buggy,"singular_noun, diminutive","ollama-suggested diminutive, pending manual review",llama3.1:latest
20,bunny,bunnie,"singular_noun, diminutive","ollama-suggested diminutive, pending manual review",llama3.1:latest
21,butterfly,butterie,"singular_noun, diminutive","ollama-suggested diminutive, pending manual review",llama3.1:latest
21,butterfly,butterly,"singular_noun, diminutive","ollama-suggested diminutive, pending manual review",llama3.1:latest
22,cat,catty,"singular_noun, diminutive","ollama-suggested diminutive, pending manual review",llama3.1:latest
22,cat,caty,"singular_noun, diminutive","ollama-suggested diminutive, pending manual review",llama3.1:latest
23,chicken,chickie,"singular_noun, diminutive","ollama-suggested diminutive, pending manual review",llama3.1:latest
23,chicken,chicky,"singular_noun, diminutive","ollama-suggested diminutive, pending manual review",llama3.1:latest
24,cow,cowie,"singular_noun, diminutive","ollama-suggested diminutive, pending manual review",llama3.1:latest
24,cow,cowsy,"singular_noun, diminutive","ollama-suggested diminutive, pending manual review",llama3.1:latest
25,deer,deerie,"singular_noun, diminutive","ollama-suggested diminutive, pending manual review",llama3.1:latest
25,deer,deery,"singular_noun, diminutive","ollama-suggested diminutive, pending manual review",llama3.1:latest
26,dog,doggy,"singular_noun, diminutive","ollama-suggested diminutive, pending manual review",llama3.1:latest
26,dog,dogy,"singular_noun, diminutive","ollama-suggested diminutive, pending manual review",llama3.1:latest
27,donkey,doney,"singular_noun, diminutive","ollama-suggested diminutive, pending manual review",llama3.1:latest
27,donkey,donkay,"singular_noun, diminutive","ollama-suggested diminutive, pending manual review",llama3.1:latest
28,duck,duckie,"singular_noun, diminutive","ollama-suggested diminutive, pending manual review",llama3.1:latest
28,duck,ducky,"singular_noun, diminutive","ollama-suggested diminutive, pending manual review",llama3.1:latest
29,elephant,eleantie,"singular_noun, diminutive","ollama-suggested diminutive, pending manual review",llama3.1:latest
29,elephant,elie,"singular_noun, diminutive","ollama-suggested diminutive, pending manual review",llama3.1:latest
30,fish,fischie,"singular_noun, diminutive","ollama-suggested diminutive, pending manual review",llama3.1:latest
30,fish,fishy,"singular_noun, diminutive","ollama-suggested diminutive, pending manual review",llama3.1:latest
31,frog,froggie,"singular_noun, diminutive","ollama-suggested diminutive, pending manual review",llama3.1:latest
31,frog,frogy,"singular_noun, diminutive","ollama-suggested diminutive, pending manual review",llama3.1:latest
32,giraffe,giraffeie,"singular_noun, diminutive","ollama-suggested diminutive, pending manual review",llama3.1:latest
32,giraffe,giraffy,"singular_noun, diminutive","ollama-suggested diminutive, pending manual review",llama3.1:latest
33,goose,goosie,"singular_noun, diminutive","ollama-suggested diminutive, pending manual review",llama3.1:latest
33,goose,gosy,"singular_noun, diminutive","ollama-suggested diminutive, pending manual review",llama3.1:latest
34,hen,henie,"singular_noun, diminutive","ollama-suggested diminutive, pending manual review",llama3.1:latest
34,hen,henny,"singular_noun, diminutive","ollama-suggested diminutive, pending manual review",llama3.1:latest
35,horse,horsey,"singular_noun, diminutive","ollama-suggested diminutive, pending manual review",llama3.1:latest
35,horse,horsie,"singular_noun, diminutive","ollama-suggested diminutive, pending manual review",llama3.1:latest
36,kitty,kitie,"singular_noun, diminutive","ollama-suggested diminutive, pending manual review",llama3.1:latest
36,kitty,kittie,"singular_noun, diminutive","ollama-suggested diminutive, pending manual review",llama3.1:latest
37,lamb,lambie,"singular_noun, diminutive","ollama-suggested diminutive, pending manual review",llama3.1:latest
37,lamb,lamby,"singular_noun, diminutive","ollama-suggested diminutive, pending manual review",llama3.1:latest
38,lion,lione,"singular_noun, diminutive","ollama-suggested diminutive, pending manual review",llama3.1:latest
38,lion,lionie,"singular_noun, diminutive","ollama-suggested diminutive, pending manual review",llama3.1:latest
39,monkey,monkeyy,"singular_noun, diminutive","ollama-suggested diminutive, pending manual review",llama3.1:latest
39,monkey,monkie,"singular_noun, diminutive","ollama-suggested diminutive, pending manual review",llama3.1:latest
40,moose,moosie,"singular_noun, diminutive","ollama-suggested diminutive, pending manual review",llama3.1:latest
40,moose,moozy,"singular_noun, diminutive","ollama-suggested diminutive, pending manual review",llama3.1:latest
41,mouse,mousey,"singular_noun, diminutive","ollama-suggested diminutive, pending manual review",llama3.1:latest
41,mouse,mousie,"singular_noun, diminutive","ollama-suggested diminutive, pending manual review",llama3.1:latest
42,owl,owlie,"singular_noun, diminutive","ollama-suggested diminutive, pending manual review",llama3.1:latest
42,owl,owly,"singular_noun, diminutive","ollama-suggested diminutive, pending manual review",llama3.1:latest
43,penguin,penginy,"singular_noun, diminutive","ollama-suggested diminutive, pending manual review",llama3.1:latest
43,penguin,penguinie,"singular_noun, diminutive","ollama-suggested diminutive, pending manual review",llama3.1:latest
44,pig,piggie,"singular_noun, diminutive","ollama-suggested diminutive, pending manual review",llama3.1:latest
44,pig,pigie,"singular_noun, diminutive","ollama-suggested diminutive, pending manual review",llama3.1:latest
45,pony,ponie,"singular_noun, diminutive","ollama-suggested diminutive, pending manual review",llama3.1:latest
46,puppy,puppiey,"singular_noun, diminutive","ollama-suggested diminutive, pending manual review",llama3.1:latest
47,rooster,roostie,"singular_noun, diminutive","ollama-suggested diminutive, pending manual review",llama3.1:latest
47,rooster,roosy,"singular_noun, diminutive","ollama-suggested diminutive, pending manual review",llama3.1:latest
48,sheep,shepie,"singular_noun, diminutive","ollama-suggested diminutive, pending manual review",llama3.1:latest
48,sheep,sheppy,"singular_noun, diminutive","ollama-suggested diminutive, pending manual review",llama3.1:latest
49,squirrel,squirrelie,"singular_noun, diminutive","ollama-suggested diminutive, pending manual review",llama3.1:latest
49,squirrel,squirrely,"singular_noun, diminutive","ollama-suggested diminutive, pending manual review",llama3.1:latest
50,teddybear,teddybary,"singular_noun, diminutive","ollama-suggested diminutive, pending manual review",llama3.1:latest
50,teddybear,teddybearie,"singular_noun, diminutive","ollama-suggested diminutive, pending manual review",llama3.1:latest
51,tiger,tigerie,"singular_noun, diminutive","ollama-suggested diminutive, pending manual review",llama3.1:latest
51,tiger,tigie,"singular_noun, diminutive","ollama-suggested diminutive, pending manual review",llama3.1:latest
52,turkey,turkeyy,"singular_noun, diminutive","ollama-suggested diminutive, pending manual review",llama3.1:latest
52,turkey,turkie,"singular_noun, diminutive","ollama-suggested diminutive, pending manual review",llama3.1:latest
53,turtle,turtleie,"singular_noun, diminutive","ollama-suggested diminutive, pending manual review",llama3.1:latest
53,turtle,turtlie,"singular_noun, diminutive","ollama-suggested diminutive, pending manual review",llama3.1:latest
54,wolf,wolfee,"singular_noun, diminutive","ollama-suggested diminutive, pending manual review",llama3.1:latest
54,wolf,wolfy,"singular_noun, diminutive","ollama-suggested diminutive, pending manual review",llama3.1:latest
55,zebra,zebraie,"singular_noun, diminutive","ollama-suggested diminutive, pending manual review",llama3.1:latest
55,zebra,zebray,"singular_noun, diminutive","ollama-suggested diminutive, pending manual review",llama3.1:latest
56,airplane,airplane-y,"singular_noun, diminutive","ollama-suggested diminutive, pending manual review",llama3.1:latest
56,airplane,airplanie,"singular_noun, diminutive","ollama-suggested diminutive, pending manual review",llama3.1:latest
57,bicycle,bicycley,"singular_noun, diminutive","ollama-suggested diminutive, pending manual review",llama3.1:latest
57,bicycle,bicyclie,"singular_noun, diminutive","ollama-suggested diminutive, pending manual review",llama3.1:latest
58,boat,boatie,"singular_noun, diminutive","ollama-suggested diminutive, pending manual review",llama3.1:latest
60,car,carie,"singular_noun, diminutive","ollama-suggested diminutive, pending manual review",llama3.1:latest
60,car,cary,"singular_noun, diminutive","ollama-suggested diminutive, pending manual review",llama3.1:latest
61,firetruck,firetruckie,"singular_noun, diminutive","ollama-suggested diminutive, pending manual review",llama3.1:latest
61,firetruck,firetrucky,"singular_noun, diminutive","ollama-suggested diminutive, pending manual review",llama3.1:latest
62,helicopter,helie,"singular_noun, diminutive","ollama-suggested diminutive, pending manual review",llama3.1:latest
62,helicopter,heliy,"singular_noun, diminutive","ollama-suggested diminutive, pending manual review",llama3.1:latest
63,motorcycle,motiecycle,"singular_noun, diminutive","ollama-suggested diminutive, pending manual review",llama3.1:latest
63,motorcycle,motorcycly,"singular_noun, diminutive","ollama-suggested diminutive, pending manual review",llama3.1:latest
64,sled,seldee,"singular_noun, diminutive","ollama-suggested diminutive, pending manual review",llama3.1:latest
64,sled,seldie,"singular_noun, diminutive","ollama-suggested diminutive, pending manual review",llama3.1:latest
65,stroller,stoller-y,"singular_noun, diminutive","ollama-suggested diminutive, pending manual review",llama3.1:latest
65,stroller,stollie,"singular_noun, diminutive","ollama-suggested diminutive, pending manual review",llama3.1:latest
66,tractor,tractie,"singular_noun, diminutive","ollama-suggested diminutive, pending manual review",llama3.1:latest
66,tractor,tractory,"singular_noun, diminutive","ollama-suggested diminutive, pending manual review",llama3.1:latest
67,train,traine,"singular_noun, diminutive","ollama-suggested diminutive, pending manual review",llama3.1:latest
67,train,trainie,"singular_noun, diminutive","ollama-suggested diminutive, pending manual review",llama3.1:latest
68,tricycle,tricicle,"singular_noun, diminutive","ollama-suggested diminutive, pending manual review",llama3.1:latest
68,tricycle,trikey,"singular_noun, diminutive","ollama-suggested diminutive, pending manual review",llama3.1:latest
69,truck,truckie,"singular_noun, diminutive","ollama-suggested diminutive, pending manual review",llama3.1:latest
69,truck,trucky,"singular_noun, diminutive","ollama-suggested diminutive, pending manual review",llama3.1:latest
70,ball,ballie,"singular_noun, diminutive","ollama-suggested diminutive, pending manual review",llama3.1:latest
70,ball,bally,"singular_noun, diminutive","ollama-suggested diminutive, pending manual review",llama3.1:latest
71,balloon,bally,"singular_noun, diminutive","ollama-suggested diminutive, pending manual review",llama3.1:latest
71,balloon,balonie,"singular_noun, diminutive","ollama-suggested diminutive, pending manual review",llama3.1:latest
72,bat,batie,"singular_noun, diminutive","ollama-suggested diminutive, pending manual review",llama3.1:latest
72,bat,batty,"singular_noun, diminutive","ollama-suggested diminutive, pending manual review",llama3.1:latest
73,block,blockie,"singular_noun, diminutive","ollama-suggested diminutive, pending manual review",llama3.1:latest
73,block,blocky,"singular_noun, diminutive","ollama-suggested diminutive, pending manual review",llama3.1:latest
74,book,bookie,"singular_noun, diminutive","ollama-suggested diminutive, pending manual review",llama3.1:latest
74,book,booky,"singular_noun, diminutive","ollama-suggested diminutive, pending manual review",llama3.1:latest
76,chalk,chalky,"singular_noun, diminutive","ollama-suggested diminutive, pending manual review",llama3.1:latest
76,chalk,chally,"singular_noun, diminutive","ollama-suggested diminutive, pending manual review",llama3.1:latest
77,crayon,crayonie,"singular_noun, diminutive","ollama-suggested diminutive, pending manual review",llama3.1:latest
77,crayon,crayony,"singular_noun, diminutive","ollama-suggested diminutive, pending manual review",llama3.1:latest
78,doll,dollie,"singular_noun, diminutive","ollama-suggested diminutive, pending manual review",llama3.1:latest
78,doll,dolly,"singular_noun, diminutive","ollama-suggested diminutive, pending manual review",llama3.1:latest
79,game,gamey,"singular_noun, diminutive","ollama-suggested diminutive, pending manual review",llama3.1:latest
79,game,gamy,"singular_noun, diminutive","ollama-suggested diminutive, pending manual review",llama3.1:latest
80,glue,gluey,"singular_noun, diminutive","ollama-suggested diminutive, pending manual review",llama3.1:latest
80,glue,gluie,"singular_noun, diminutive","ollama-suggested diminutive, pending manual review",llama3.1:latest
81,pen,penie,"singular_noun, diminutive","ollama-suggested diminutive, pending manual review",llama3.1:latest
81,pen,penny,"singular_noun, diminutive","ollama-suggested diminutive, pending manual review",llama3.1:latest
82,pencil,pencilie,"singular_noun, diminutive","ollama-suggested diminutive, pending manual review",llama3.1:latest
82,pencil,penclie,"singular_noun, diminutive","ollama-suggested diminutive, pending manual review",llama3.1:latest
83,play dough,playdoughie,"singular_noun, diminutive","ollama-suggested diminutive, pending manual review",llama3.1:latest
83,play dough,playdoughy,"singular_noun, diminutive","ollama-suggested diminutive, pending manual review",llama3.1:latest
84,present,presenty,"singular_noun, diminutive","ollama-suggested diminutive, pending manual review",llama3.1:latest
84,present,presie,"singular_noun, diminutive","ollama-suggested diminutive, pending manual review",llama3.1:latest
85,puzzle,puzlie,"singular_noun, diminutive","ollama-suggested diminutive, pending manual review",llama3.1:latest
85,puzzle,puzzley,"singular_noun, diminutive","ollama-suggested diminutive, pending manual review",llama3.1:latest
86,story,storrie,"singular_noun, diminutive","ollama-suggested diminutive, pending manual review",llama3.1:latest
86,story,storyie,"singular_noun, diminutive","ollama-suggested diminutive, pending manual review",llama3.1:latest
87,toy,toie,"singular_noun, diminutive","ollama-suggested diminutive, pending manual review",llama3.1:latest
87,toy,toyie,"singular_noun, diminutive","ollama-suggested diminutive, pending manual review",llama3.1:latest
88,apple,aply,"singular_noun, diminutive","ollama-suggested diminutive, pending manual review",llama3.1:latest
88,apple,appie,"singular_noun, diminutive","ollama-suggested diminutive, pending manual review",llama3.1:latest
89,applesauce,applesauceie,"singular_noun, diminutive","ollama-suggested diminutive, pending manual review",llama3.1:latest
89,applesauce,applesaucy,"singular_noun, diminutive","ollama-suggested diminutive, pending manual review",llama3.1:latest
90,banana,bananie,"singular_noun, diminutive","ollama-suggested diminutive, pending manual review",llama3.1:latest
90,banana,nanyie,"singular_noun, diminutive","ollama-suggested diminutive, pending manual review",llama3.1:latest
92,bread,breadie,"singular_noun, diminutive","ollama-suggested diminutive, pending manual review",llama3.1:latest
92,bread,bready,"singular_noun, diminutive","ollama-suggested diminutive, pending manual review",llama3.1:latest
93,butter,butterie,"singular_noun, diminutive","ollama-suggested diminutive, pending manual review",llama3.1:latest
93,butter,buttrie,"singular_noun, diminutive","ollama-suggested diminutive, pending manual review",llama3.1:latest
94,cake,cakey,"singular_noun, diminutive","ollama-suggested diminutive, pending manual review",llama3.1:latest
94,cake,caky,"singular_noun, diminutive","ollama-suggested diminutive, pending manual review",llama3.1:latest
95,candy,candie,"singular_noun, diminutive","ollama-suggested diminutive, pending manual review",llama3.1:latest
97,cereal,cerealie,"singular_noun, diminutive","ollama-suggested diminutive, pending manual review",llama3.1:latest
97,cereal,cerelie,"singular_noun, diminutive","ollama-suggested diminutive, pending manual review",llama3.1:latest
99,cheese,cheesie,"singular_noun, diminutive","ollama-suggested diminutive, pending manual review",llama3.1:latest
99,cheese,cheseey,"singular_noun, diminutive","ollama-suggested diminutive, pending manual review",llama3.1:latest
101,chocolate,choclaty,"singular_noun, diminutive","ollama-suggested diminutive, pending manual review",llama3.1:latest
101,chocolate,choclitie,"singular_noun, diminutive","ollama-suggested diminutive, pending manual review",llama3.1:latest
102,coffee,coffeee,"singular_noun, diminutive","ollama-suggested diminutive, pending manual review",llama3.1:latest
102,coffee,coffie,"singular_noun, diminutive","ollama-suggested diminutive, pending manual review",llama3.1:latest
103,coke,cokey,"singular_noun, diminutive","ollama-suggested diminutive, pending manual review",llama3.1:latest
103,coke,cokie,"singular_noun, diminutive","ollama-suggested diminutive, pending manual review",llama3.1:latest
104,cookie,cookiey,"singular_noun, diminutive","ollama-suggested diminutive, pending manual review",llama3.1:latest
105,corn,corney,"singular_noun, diminutive","ollama-suggested diminutive, pending manual review",llama3.1:latest
105,corn,cornie,"singular_noun, diminutive","ollama-suggested diminutive, pending manual review",llama3.1:latest
106,cracker,crackie,"singular_noun, diminutive","ollama-suggested diminutive, pending manual review",llama3.1:latest
106,cracker,cracky,"singular_noun, diminutive","ollama-suggested diminutive, pending manual review",llama3.1:latest
107,donut,donie,"singular_noun, diminutive","ollama-suggested diminutive, pending manual review",llama3.1:latest
107,donut,dony,"singular_noun, diminutive","ollama-suggested diminutive, pending manual review",llama3.1:latest
108,drink,drinkie,"singular_noun, diminutive","ollama-suggested diminutive, pending manual review",llama3.1:latest
108,drink,drinky,"singular_noun, diminutive","ollama-suggested diminutive, pending manual review",llama3.1:latest
109,egg,eggie,"singular_noun, diminutive","ollama-suggested diminutive, pending manual review",llama3.1:latest
111,food,foodie,"singular_noun, diminutive","ollama-suggested diminutive, pending manual review",llama3.1:latest
111,food,foody,"singular_noun, diminutive","ollama-suggested diminutive, pending manual review",llama3.1:latest
115,gum,gumie,"singular_noun, diminutive","ollama-suggested diminutive, pending manual review",llama3.1:latest
115,gum,gummy,"singular_noun, diminutive","ollama-suggested diminutive, pending manual review",llama3.1:latest
116,hamburger,hambie,"singular_noun, diminutive","ollama-suggested diminutive, pending manual review",llama3.1:latest
116,hamburger,hambuggie,"singular_noun, diminutive","ollama-suggested diminutive, pending manual review",llama3.1:latest
116,hamburger,hamburgy,"singular_noun, diminutive","ollama-suggested diminutive, pending manual review",llama3.1:latest
117,ice,icey,"singular_noun, diminutive","ollama-suggested diminutive, pending manual review",llama3.1:latest
117,ice,icie,"singular_noun, diminutive","ollama-suggested diminutive, pending manual review",llama3.1:latest
118,ice cream,creamy ice,"singular_noun, diminutive","ollama-suggested diminutive, pending manual review",llama3.1:latest
118,ice cream,ice creamie,"singular_noun, diminutive","ollama-suggested diminutive, pending manual review",llama3.1:latest
118,ice cream,icery cream,"singular_noun, diminutive","ollama-suggested diminutive, pending manual review",llama3.1:latest
119,jello,jellie,"singular_noun, diminutive","ollama-suggested diminutive, pending manual review",llama3.1:latest
119,jello,jelly,"singular_noun, diminutive","ollama-suggested diminutive, pending manual review",llama3.1:latest
120,jelly,jellie,"singular_noun, diminutive","ollama-suggested diminutive, pending manual review",llama3.1:latest
120,jelly,jellyie,"singular_noun, diminutive","ollama-suggested diminutive, pending manual review",llama3.1:latest
121,juice,juicy,"singular_noun, diminutive","ollama-suggested diminutive, pending manual review",llama3.1:latest
121,juice,juiie,"singular_noun, diminutive","ollama-suggested diminutive, pending manual review",llama3.1:latest
122,lollipop,lollipie,"singular_noun, diminutive","ollama-suggested diminutive, pending manual review",llama3.1:latest
122,lollipop,lollypie,"singular_noun, diminutive","ollama-suggested diminutive, pending manual review",llama3.1:latest
122,lollipop,lollyy,"singular_noun, diminutive","ollama-suggested diminutive, pending manual review",llama3.1:latest
123,meat,meatie,"singular_noun, diminutive","ollama-suggested diminutive, pending manual review",llama3.1:latest
123,meat,meaty,"singular_noun, diminutive","ollama-suggested diminutive, pending manual review",llama3.1:latest
124,melon,melonie,"singular_noun, diminutive","ollama-suggested diminutive, pending manual review",llama3.1:latest
124,melon,melony,"singular_noun, diminutive","ollama-suggested diminutive, pending manual review",llama3.1:latest
125,milk,milkie,"singular_noun, diminutive","ollama-suggested diminutive, pending manual review",llama3.1:latest
125,milk,milky,"singular_noun, diminutive","ollama-suggested diminutive, pending manual review",llama3.1:latest
126,muffin,muffie,"singular_noun, diminutive","ollama-suggested diminutive, pending manual review",llama3.1:latest
126,muffin,muffy,"singular_noun, diminutive","ollama-suggested diminutive, pending manual review",llama3.1:latest
129,orange,orangiie,"singular_noun, diminutive","ollama-suggested diminutive, pending manual review",llama3.1:latest
129,orange,orangy,"singular_noun, diminutive","ollama-suggested diminutive, pending manual review",llama3.1:latest
130,pancake,pancakey,"singular_noun, diminutive","ollama-suggested diminutive, pending manual review",llama3.1:latest
130,pancake,pankacie,"singular_noun, diminutive","ollama-suggested diminutive, pending manual review",llama3.1:latest
132,peanut butter,peanut butterie,"singular_noun, diminutive","ollama-suggested diminutive, pending manual review",llama3.1:latest
132,peanut butter,peanutty butter,"singular_noun, diminutive","ollama-suggested diminutive, pending manual review",llama3.1:latest
132,peanut butter,peanuty butter,"singular_noun, diminutive","ollama-suggested diminutive, pending manual review",llama3.1:latest
133,pickle,pickie,"singular_noun, diminutive","ollama-suggested diminutive, pending manual review",llama3.1:latest
133,pickle,picky,"singular_noun, diminutive","ollama-suggested diminutive, pending manual review",llama3.1:latest
134,pizza,pizzaie,"singular_noun, diminutive","ollama-suggested diminutive, pending manual review",llama3.1:latest
134,pizza,pizzy,"singular_noun, diminutive","ollama-suggested diminutive, pending manual review",llama3.1:latest
135,popcorn,popcorie,"singular_noun, diminutive","ollama-suggested diminutive, pending manual review",llama3.1:latest
135,popcorn,poppie,"singular_noun, diminutive","ollama-suggested diminutive, pending manual review",llama3.1:latest
136,popsicle,popsey,"singular_noun, diminutive","ollama-suggested diminutive, pending manual review",llama3.1:latest
136,popsicle,popsie,"singular_noun, diminutive","ollama-suggested diminutive, pending manual review",llama3.1:latest
137,potato chip,potatie chip,"singular_noun, diminutive","ollama-suggested diminutive, pending manual review",llama3.1:latest
137,potato chip,potatiey chip,"singular_noun, diminutive","ollama-suggested diminutive, pending manual review",llama3.1:latest
137,potato chip,potatye chip,"singular_noun, diminutive","ollama-suggested diminutive, pending manual review",llama3.1:latest
138,potato,potatie,"singular_noun, diminutive","ollama-suggested diminutive, pending manual review",llama3.1:latest
138,potato,potatye,"singular_noun, diminutive","ollama-suggested diminutive, pending manual review",llama3.1:latest
139,pretzel,pretzlie,"singular_noun, diminutive","ollama-suggested diminutive, pending manual review",llama3.1:latest
139,pretzel,pretzy,"singular_noun, diminutive","ollama-suggested diminutive, pending manual review",llama3.1:latest
140,pudding,puddiey,"singular_noun, diminutive","ollama-suggested diminutive, pending manual review",llama3.1:latest
140,pudding,pudgie,"singular_noun, diminutive","ollama-suggested diminutive, pending manual review",llama3.1:latest
141,pumpkin,pumky,"singular_noun, diminutive","ollama-suggested diminutive, pending manual review",llama3.1:latest
141,pumpkin,pumpkie,"singular_noun, diminutive","ollama-suggested diminutive, pending manual review",llama3.1:latest
142,raisin,raisie,"singular_noun, diminutive","ollama-suggested diminutive, pending manual review",llama3.1:latest
142,raisin,raisy,"singular_noun, diminutive","ollama-suggested diminutive, pending manual review",llama3.1:latest
143,salt,saltie,"singular_noun, diminutive","ollama-suggested diminutive, pending manual review",llama3.1:latest
143,salt,salty,"singular_noun, diminutive","ollama-suggested diminutive, pending manual review",llama3.1:latest
144,sandwich,sandie,"singular_noun, diminutive","ollama-suggested diminutive, pending manual review",llama3.1:latest
144,sandwich,sandy,"singular_noun, diminutive","ollama-suggested diminutive, pending manual review",llama3.1:latest
145,sauce,saucey,"singular_noun, diminutive","ollama-suggested diminutive, pending manual review",llama3.1:latest
145,sauce,saucie,"singular_noun, diminutive","ollama-suggested diminutive, pending manual review",llama3.1:latest
146,pop,popie,"singular_noun, diminutive","ollama-suggested diminutive, pending manual review",llama3.1:latest
146,pop,popy,"singular_noun, diminutive","ollama-suggested diminutive, pending manual review",llama3.1:latest
146,soda,soddy,"singular_noun, diminutive","ollama-suggested diminutive, pending manual review",llama3.1:latest
146,soda,sody,"singular_noun, diminutive","ollama-suggested diminutive, pending manual review",llama3.1:latest
147,soup,sopie,"singular_noun, diminutive","ollama-suggested diminutive, pending manual review",llama3.1:latest
147,soup,soupy,"singular_noun, diminutive","ollama-suggested diminutive, pending manual review",llama3.1:latest
148,spaghetti,spaghettie,"singular_noun, diminutive","ollama-suggested diminutive, pending manual review",llama3.1:latest
148,spaghetti,spaghettoie,"singular_noun, diminutive","ollama-suggested diminutive, pending manual review",llama3.1:latest
149,strawberry,strawberrie,"singular_noun, diminutive","ollama-suggested diminutive, pending manual review",llama3.1:latest
149,strawberry,strawbery,"singular_noun, diminutive","ollama-suggested diminutive, pending manual review",llama3.1:latest
150,toast,toastie,"singular_noun, diminutive","ollama-suggested diminutive, pending manual review",llama3.1:latest
150,toast,toasty,"singular_noun, diminutive","ollama-suggested diminutive, pending manual review",llama3.1:latest
151,tuna,tunie,"singular_noun, diminutive","ollama-suggested diminutive, pending manual review",llama3.1:latest
151,tuna,tunny,"singular_noun, diminutive","ollama-suggested diminutive, pending manual review",llama3.1:latest
152,vanilla,vanillie,"singular_noun, diminutive","ollama-suggested diminutive, pending manual review",llama3.1:latest
152,vanilla,vanny,"singular_noun, diminutive","ollama-suggested diminutive, pending manual review",llama3.1:latest
154,water,waterie,"singular_noun, diminutive","ollama-suggested diminutive, pending manual review",llama3.1:latest
154,water,watery,"singular_noun, diminutive","ollama-suggested diminutive, pending manual review",llama3.1:latest
155,yogurt,yogurtie,"singular_noun, diminutive","ollama-suggested diminutive, pending manual review",llama3.1:latest
155,yogurt,yogurty,"singular_noun, diminutive","ollama-suggested diminutive, pending manual review",llama3.1:latest
157,belt,beltie,"singular_noun, diminutive","ollama-suggested diminutive, pending manual review",llama3.1:latest
157,belt,belty,"singular_noun, diminutive","ollama-suggested diminutive, pending manual review",llama3.1:latest
158,bib,bibby,"singular_noun, diminutive","ollama-suggested diminutive, pending manual review",llama3.1:latest
158,bib,bibi,"singular_noun, diminutive","ollama-suggested diminutive, pending manual review",llama3.1:latest
160,button,buttie,"singular_noun, diminutive","ollama-suggested diminutive, pending manual review",llama3.1:latest
160,button,buttony,"singular_noun, diminutive","ollama-suggested diminutive, pending manual review",llama3.1:latest
161,coat,coatie,"singular_noun, diminutive","ollama-suggested diminutive, pending manual review",llama3.1:latest
162,diaper,diapery,"singular_noun, diminutive","ollama-suggested diminutive, pending manual review",llama3.1:latest
162,diaper,diarie,"singular_noun, diminutive","ollama-suggested diminutive, pending manual review",llama3.1:latest
165,hat,hatie,"singular_noun, diminutive","ollama-suggested diminutive, pending manual review",llama3.1:latest
165,hat,hatty,"singular_noun, diminutive","ollama-suggested diminutive, pending manual review",llama3.1:latest
166,jacket,jacky,"singular_noun, diminutive","ollama-suggested diminutive, pending manual review",llama3.1:latest
166,jacket,jakkie,"singular_noun, diminutive","ollama-suggested diminutive, pending manual review",llama3.1:latest
169,necklace,necklie,"singular_noun, diminutive","ollama-suggested diminutive, pending manual review",llama3.1:latest
169,necklace,necky,"singular_noun, diminutive","ollama-suggested diminutive, pending manual review",llama3.1:latest
170,pajamas,pajamie,"singular_noun, diminutive","ollama-suggested diminutive, pending manual review",llama3.1:latest
170,pajamas,pajamy,"singular_noun, diminutive","ollama-suggested diminutive, pending manual review",llama3.1:latest
172,scarf,scarfy,"singular_noun, diminutive","ollama-suggested diminutive, pending manual review",llama3.1:latest
172,scarf,scary,"singular_noun, diminutive","ollama-suggested diminutive, pending manual review",llama3.1:latest
173,shirt,shirtie,"singular_noun, diminutive","ollama-suggested diminutive, pending manual review",llama3.1:latest
173,shirt,shirty,"singular_noun, diminutive","ollama-suggested diminutive, pending manual review",llama3.1:latest
174,shoe,shoeie,"singular_noun, diminutive","ollama-suggested diminutive, pending manual review",llama3.1:latest
174,shoe,shoey,"singular_noun, diminutive","ollama-suggested diminutive, pending manual review",llama3.1:latest
176,slipper,slipperie,"singular_noun, diminutive","ollama-suggested diminutive, pending manual review",llama3.1:latest
176,slipper,slippy,"singular_noun, diminutive","ollama-suggested diminutive, pending manual review",llama3.1:latest
177,sneaker,sneaky,"singular_noun, diminutive","ollama-suggested diminutive, pending manual review",llama3.1:latest
177,sneaker,sniekie,"singular_noun, diminutive","ollama-suggested diminutive, pending manual review",llama3.1:latest
178,snowsuit,snowsuy,"singular_noun, diminutive","ollama-suggested diminutive, pending manual review",llama3.1:latest
178,snowsuit,snowtie,"singular_noun, diminutive","ollama-suggested diminutive, pending manual review",llama3.1:latest
179,sock,sockie,"singular_noun, diminutive","ollama-suggested diminutive, pending manual review",llama3.1:latest
179,sock,socky,"singular_noun, diminutive","ollama-suggested diminutive, pending manual review",llama3.1:latest
180,sweater,sweatie,"singular_noun, diminutive","ollama-suggested diminutive, pending manual review",llama3.1:latest
180,sweater,sweaty,"singular_noun, diminutive","ollama-suggested diminutive, pending manual review",llama3.1:latest
183,zipper,zipperie,"singular_noun, diminutive","ollama-suggested diminutive, pending manual review",llama3.1:latest
183,zipper,zippy,"singular_noun, diminutive","ollama-suggested diminutive, pending manual review",llama3.1:latest
184,ankle,anklie,"singular_noun, diminutive","ollama-suggested diminutive, pending manual review",llama3.1:latest
184,ankle,anky,"singular_noun, diminutive","ollama-suggested diminutive, pending manual review",llama3.1:latest
185,arm,armie,"singular_noun, diminutive","ollama-suggested diminutive, pending manual review",llama3.1:latest
185,arm,armsy,"singular_noun, diminutive","ollama-suggested diminutive, pending manual review",llama3.1:latest
186,belly button,belly buttonie,"singular_noun, diminutive","ollama-suggested diminutive, pending manual review",llama3.1:latest
186,belly button,belly buttony,"singular_noun, diminutive","ollama-suggested diminutive, pending manual review",llama3.1:latest
187,bottom,bottemy,"singular_noun, diminutive","ollama-suggested diminutive, pending manual review",llama3.1:latest
187,bottom,bottomie,"singular_noun, diminutive","ollama-suggested diminutive, pending manual review",llama3.1:latest
188,cheek,cheekie,"singular_noun, diminutive","ollama-suggested diminutive, pending manual review",llama3.1:latest
188,cheek,cheky,"singular_noun, diminutive","ollama-suggested diminutive, pending manual review",llama3.1:latest
189,chin,chinnie,"singular_noun, diminutive","ollama-suggested diminutive, pending manual review",llama3.1:latest
189,chin,chinny,"singular_noun, diminutive","ollama-suggested diminutive, pending manual review",llama3.1:latest
190,ear,earie,"singular_noun, diminutive","ollama-suggested diminutive, pending manual review",llama3.1:latest
190,ear,eary,"singular_noun, diminutive","ollama-suggested diminutive, pending manual review",llama3.1:latest
191,eye,eye-y,"singular_noun, diminutive","ollama-suggested diminutive, pending manual review",llama3.1:latest
191,eye,eyie,"singular_noun, diminutive","ollama-suggested diminutive, pending manual review",llama3.1:latest
192,face,facey,"singular_noun, diminutive","ollama-suggested diminutive, pending manual review",llama3.1:latest
192,face,facy,"singular_noun, diminutive","ollama-suggested diminutive, pending manual review",llama3.1:latest
193,finger,finger-y,"singular_noun, diminutive","ollama-suggested diminutive, pending manual review",llama3.1:latest
193,finger,fingie,"singular_noun, diminutive","ollama-suggested diminutive, pending manual review",llama3.1:latest
194,foot,foote,"singular_noun, diminutive","ollama-suggested diminutive, pending manual review",llama3.1:latest
194,foot,footie,"singular_noun, diminutive","ollama-suggested diminutive, pending manual review",llama3.1:latest
195,hair,hairie,"singular_noun, diminutive","ollama-suggested diminutive, pending manual review",llama3.1:latest
195,hair,hairy,"singular_noun, diminutive","ollama-suggested diminutive, pending manual review",llama3.1:latest
196,hand,handie,"singular_noun, diminutive","ollama-suggested diminutive, pending manual review",llama3.1:latest
196,hand,hundy,"singular_noun, diminutive","ollama-suggested diminutive, pending manual review",llama3.1:latest
197,head,headdy,"singular_noun, diminutive","ollama-suggested diminutive, pending manual review",llama3.1:latest
197,head,headie,"singular_noun, diminutive","ollama-suggested diminutive, pending manual review",llama3.1:latest
198,knee,kneeie,"singular_noun, diminutive","ollama-suggested diminutive, pending manual review",llama3.1:latest
198,knee,kneey,"singular_noun, diminutive","ollama-suggested diminutive, pending manual review",llama3.1:latest
199,leg,leggie,"singular_noun, diminutive","ollama-suggested diminutive, pending manual review",llama3.1:latest
199,leg,leggy,"singular_noun, diminutive","ollama-suggested diminutive, pending manual review",llama3.1:latest
200,bum,bummie,"singular_noun, diminutive","ollama-suggested diminutive, pending manual review",llama3.1:latest
200,bum,bummy,"singular_noun, diminutive","ollama-suggested diminutive, pending manual review",llama3.1:latest
201,mouth,mouthee,"singular_noun, diminutive","ollama-suggested diminutive, pending manual review",llama3.1:latest
201,mouth,mouthy,"singular_noun, diminutive","ollama-suggested diminutive, pending manual review",llama3.1:latest
202,nose,nosey,"singular_noun, diminutive","ollama-suggested diminutive, pending manual review",llama3.1:latest
202,nose,nosie,"singular_noun, diminutive","ollama-suggested diminutive, pending manual review",llama3.1:latest
203,boo boo,boo booie,"singular_noun, diminutive","ollama-suggested diminutive, pending manual review",llama3.1:latest
203,boo boo,booboo,"singular_noun, diminutive","ollama-suggested diminutive, pending manual review",llama3.1:latest
203,owie,owiew,"singular_noun, diminutive","ollama-suggested diminutive, pending manual review",llama3.1:latest
203,owie,owiey,"singular_noun, diminutive","ollama-suggested diminutive, pending manual review",llama3.1:latest
205,shoulder,sholdie,"singular_noun, diminutive","ollama-suggested diminutive, pending manual review",llama3.1:latest
205,shoulder,shouldy,"singular_noun, diminutive","ollama-suggested diminutive, pending manual review",llama3.1:latest
206,toe,toey,"singular_noun, diminutive","ollama-suggested diminutive, pending manual review",llama3.1:latest
206,toe,toie,"singular_noun, diminutive","ollama-suggested diminutive, pending manual review",llama3.1:latest
207,tongue,tongie,"singular_noun, diminutive","ollama-suggested diminutive, pending manual review",llama3.1:latest
207,tongue,tongy,"singular_noun, diminutive","ollama-suggested diminutive, pending manual review",llama3.1:latest
208,tooth,toothie,"singular_noun, diminutive","ollama-suggested diminutive, pending manual review",llama3.1:latest
208,tooth,toothy,"singular_noun, diminutive","ollama-suggested diminutive, pending manual review",llama3.1:latest
209,tummy,tumie,"singular_noun, diminutive","ollama-suggested diminutive, pending manual review",llama3.1:latest
209,tummy,tummie,"singular_noun, diminutive","ollama-suggested diminutive, pending manual review",llama3.1:latest
210,vagina,vagie,"singular_noun, diminutive","ollama-suggested diminutive, pending manual review",llama3.1:latest
210,vagina,vagy,"singular_noun, diminutive","ollama-suggested diminutive, pending manual review",llama3.1:latest
211,basket,baskety,"singular_noun, diminutive","ollama-suggested diminutive, pending manual review",llama3.1:latest
211,basket,baskie,"singular_noun, diminutive","ollama-suggested diminutive, pending manual review",llama3.1:latest
212,blanket,blankey,"singular_noun, diminutive","ollama-suggested diminutive, pending manual review",llama3.1:latest
212,blanket,blankie,"singular_noun, diminutive","ollama-suggested diminutive, pending manual review",llama3.1:latest
213,bottle,bottie,"singular_noun, diminutive","ollama-suggested diminutive, pending manual review",llama3.1:latest
213,bottle,botty,"singular_noun, diminutive","ollama-suggested diminutive, pending manual review",llama3.1:latest
214,bowl,bowlie,"singular_noun, diminutive","ollama-suggested diminutive, pending manual review",llama3.1:latest
214,bowl,bowly,"singular_noun, diminutive","ollama-suggested diminutive, pending manual review",llama3.1:latest
215,box,boxie,"singular_noun, diminutive","ollama-suggested diminutive, pending manual review",llama3.1:latest
215,box,bussy,"singular_noun, diminutive","ollama-suggested diminutive, pending manual review",llama3.1:latest
216,broom,brommie,"singular_noun, diminutive","ollama-suggested diminutive, pending manual review",llama3.1:latest
216,broom,brummy,"singular_noun, diminutive","ollama-suggested diminutive, pending manual review",llama3.1:latest
217,brush,brushy,"singular_noun, diminutive","ollama-suggested diminutive, pending manual review",llama3.1:latest
217,brush,brusie,"singular_noun, diminutive","ollama-suggested diminutive, pending manual review",llama3.1:latest
218,bucket,buckety,"singular_noun, diminutive","ollama-suggested diminutive, pending manual review",llama3.1:latest
218,bucket,buckie,"singular_noun, diminutive","ollama-suggested diminutive, pending manual review",llama3.1:latest
219,camera,camerie,"singular_noun, diminutive","ollama-suggested diminutive, pending manual review",llama3.1:latest
219,camera,cammie,"singular_noun, diminutive","ollama-suggested diminutive, pending manual review",llama3.1:latest
220,can,canie,"singular_noun, diminutive","ollama-suggested diminutive, pending manual review",llama3.1:latest
220,can,cany,"singular_noun, diminutive","ollama-suggested diminutive, pending manual review",llama3.1:latest
221,clock,clockie,"singular_noun, diminutive","ollama-suggested diminutive, pending manual review",llama3.1:latest
221,clock,cluckey,"singular_noun, diminutive","ollama-suggested diminutive, pending manual review",llama3.1:latest
222,comb,combie,"singular_noun, diminutive","ollama-suggested diminutive, pending manual review",llama3.1:latest
222,comb,comby,"singular_noun, diminutive","ollama-suggested diminutive, pending manual review",llama3.1:latest
223,cup,cuppie,"singular_noun, diminutive","ollama-suggested diminutive, pending manual review",llama3.1:latest
224,dish,dishesy,"singular_noun, diminutive","ollama-suggested diminutive, pending manual review",llama3.1:latest
224,dish,dishy,"singular_noun, diminutive","ollama-suggested diminutive, pending manual review",llama3.1:latest
225,fork,forkie,"singular_noun, diminutive","ollama-suggested diminutive, pending manual review",llama3.1:latest
225,fork,fory,"singular_noun, diminutive","ollama-suggested diminutive, pending manual review",llama3.1:latest
226,garbage,gabby,"singular_noun, diminutive","ollama-suggested diminutive, pending manual review",llama3.1:latest
226,garbage,garbey,"singular_noun, diminutive","ollama-suggested diminutive, pending manual review",llama3.1:latest
229,hammer,hammie,"singular_noun, diminutive","ollama-suggested diminutive, pending manual review",llama3.1:latest
229,hammer,hummy,"singular_noun, diminutive","ollama-suggested diminutive, pending manual review",llama3.1:latest
230,jar,jarie,"singular_noun, diminutive","ollama-suggested diminutive, pending manual review",llama3.1:latest
230,jar,jary,"singular_noun, diminutive","ollama-suggested diminutive, pending manual review",llama3.1:latest
232,knife,knifey,"singular_noun, diminutive","ollama-suggested diminutive, pending manual review",llama3.1:latest
232,knife,knifie,"singular_noun, diminutive","ollama-suggested diminutive, pending manual review",llama3.1:latest
233,lamp,lamie,"singular_noun, diminutive","ollama-suggested diminutive, pending manual review",llama3.1:latest
233,lamp,lampie,"singular_noun, diminutive","ollama-suggested diminutive, pending manual review",llama3.1:latest
234,light,lightie,"singular_noun, diminutive","ollama-suggested diminutive, pending manual review",llama3.1:latest
234,light,litey,"singular_noun, diminutive","ollama-suggested diminutive, pending manual review",llama3.1:latest
235,medicine,medicenie,"singular_noun, diminutive","ollama-suggested diminutive, pending manual review",llama3.1:latest
235,medicine,mediciny,"singular_noun, diminutive","ollama-suggested diminutive, pending manual review",llama3.1:latest
236,money,moneie,"singular_noun, diminutive","ollama-suggested diminutive, pending manual review",llama3.1:latest
236,money,monny,"singular_noun, diminutive","ollama-suggested diminutive, pending manual review",llama3.1:latest
237,mop,moppie,"singular_noun, diminutive","ollama-suggested diminutive, pending manual review",llama3.1:latest
237,mop,moppy,"singular_noun, diminutive","ollama-suggested diminutive, pending manual review",llama3.1:latest
238,nail,nalie,"singular_noun, diminutive","ollama-suggested diminutive, pending manual review",llama3.1:latest
238,nail,naylie,"singular_noun, diminutive","ollama-suggested diminutive, pending manual review",llama3.1:latest
239,napkin,napkie,"singular_noun, diminutive","ollama-suggested diminutive, pending manual review",llama3.1:latest
239,napkin,nappy,"singular_noun, diminutive","ollama-suggested diminutive, pending manual review",llama3.1:latest
240,paper,papie,"singular_noun, diminutive","ollama-suggested diminutive, pending manual review",llama3.1:latest
240,paper,papy,"singular_noun, diminutive","ollama-suggested diminutive, pending manual review",llama3.1:latest
241,penny,pennie,"singular_noun, diminutive","ollama-suggested diminutive, pending manual review",llama3.1:latest
241,penny,peny,"singular_noun, diminutive","ollama-suggested diminutive, pending manual review",llama3.1:latest
242,picture,picie,"singular_noun, diminutive","ollama-suggested diminutive, pending manual review",llama3.1:latest
242,picture,picturie,"singular_noun, diminutive","ollama-suggested diminutive, pending manual review",llama3.1:latest
243,pillow,pillowie,"singular_noun, diminutive","ollama-suggested diminutive, pending manual review",llama3.1:latest
243,pillow,pilly,"singular_noun, diminutive","ollama-suggested diminutive, pending manual review",llama3.1:latest
244,plant,plantie,"singular_noun, diminutive","ollama-suggested diminutive, pending manual review",llama3.1:latest
244,plant,plantiy,"singular_noun, diminutive","ollama-suggested diminutive, pending manual review",llama3.1:latest
245,plate,platie,"singular_noun, diminutive","ollama-suggested diminutive, pending manual review",llama3.1:latest
245,plate,platy,"singular_noun, diminutive","ollama-suggested diminutive, pending manual review",llama3.1:latest
246,purse,pursey,"singular_noun, diminutive","ollama-suggested diminutive, pending manual review",llama3.1:latest
246,purse,pursie,"singular_noun, diminutive","ollama-suggested diminutive, pending manual review",llama3.1:latest
247,radio,radie,"singular_noun, diminutive","ollama-suggested diminutive, pending manual review",llama3.1:latest
247,radio,radiy,"singular_noun, diminutive","ollama-suggested diminutive, pending manual review",llama3.1:latest
248,scissors,scissy,"singular_noun, diminutive","ollama-suggested diminutive, pending manual review",llama3.1:latest
249,soap,soapie,"singular_noun, diminutive","ollama-suggested diminutive, pending manual review",llama3.1:latest
249,soap,soapy,"singular_noun, diminutive","ollama-suggested diminutive, pending manual review",llama3.1:latest
250,spoon,spooeny,"singular_noun, diminutive","ollama-suggested diminutive, pending manual review",llama3.1:latest
250,spoon,spoonie,"singular_noun, diminutive","ollama-suggested diminutive, pending manual review",llama3.1:latest
251,tape,tapey,"singular_noun, diminutive","ollama-suggested diminutive, pending manual review",llama3.1:latest
251,tape,tatie,"singular_noun, diminutive","ollama-suggested diminutive, pending manual review",llama3.1:latest
252,telephone,phoneie,"singular_noun, diminutive","ollama-suggested diminutive, pending manual review",llama3.1:latest
252,telephone,telephoney,"singular_noun, diminutive","ollama-suggested diminutive, pending manual review",llama3.1:latest
252,telephone,telie,"singular_noun, diminutive","ollama-suggested diminutive, pending manual review",llama3.1:latest
253,kleenex,kleenie,"singular_noun, diminutive","ollama-suggested diminutive, pending manual review",llama3.1:latest
253,kleenex,kleeny,"singular_noun, diminutive","ollama-suggested diminutive, pending manual review",llama3.1:latest
253,tissue,tissie,"singular_noun, diminutive","ollama-suggested diminutive, pending manual review",llama3.1:latest
253,tissue,tissy,"singular_noun, diminutive","ollama-suggested diminutive, pending manual review",llama3.1:latest
254,toothbrush,toothie,"singular_noun, diminutive","ollama-suggested diminutive, pending manual review",llama3.1:latest
254,toothbrush,toothy,"singular_noun, diminutive","ollama-suggested diminutive, pending manual review",llama3.1:latest
255,towel,towely,"singular_noun, diminutive","ollama-suggested diminutive, pending manual review",llama3.1:latest
255,towel,towie,"singular_noun, diminutive","ollama-suggested diminutive, pending manual review",llama3.1:latest
256,trash,trashy,"singular_noun, diminutive","ollama-suggested diminutive, pending manual review",llama3.1:latest
256,trash,trassy,"singular_noun, diminutive","ollama-suggested diminutive, pending manual review",llama3.1:latest
257,tray,tratie,"singular_noun, diminutive","ollama-suggested diminutive, pending manual review",llama3.1:latest
257,tray,trayy,"singular_noun, diminutive","ollama-suggested diminutive, pending manual review",llama3.1:latest
258,vacuum,vacumy,"singular_noun, diminutive","ollama-suggested diminutive, pending manual review",llama3.1:latest
258,vacuum,vacy,"singular_noun, diminutive","ollama-suggested diminutive, pending manual review",llama3.1:latest
259,walker,walker-y,"singular_noun, diminutive","ollama-suggested diminutive, pending manual review",llama3.1:latest
259,walker,walkie,"singular_noun, diminutive","ollama-suggested diminutive, pending manual review",llama3.1:latest
260,watch,wachie,"singular_noun, diminutive","ollama-suggested diminutive, pending manual review",llama3.1:latest
260,watch,watchy,"singular_noun, diminutive","ollama-suggested diminutive, pending manual review",llama3.1:latest
261,basement,basie,"singular_noun, diminutive","ollama-suggested diminutive, pending manual review",llama3.1:latest
261,basement,bassy,"singular_noun, diminutive","ollama-suggested diminutive, pending manual review",llama3.1:latest
262,bathroom,bathie,"singular_noun, diminutive","ollama-suggested diminutive, pending manual review",llama3.1:latest
262,bathroom,bathroomy,"singular_noun, diminutive","ollama-suggested diminutive, pending manual review",llama3.1:latest
263,bathtub,bathtubby,"singular_noun, diminutive","ollama-suggested diminutive, pending manual review",llama3.1:latest
263,bathtub,tubie,"singular_noun, diminutive","ollama-suggested diminutive, pending manual review",llama3.1:latest
264,bed,beddy,"singular_noun, diminutive","ollama-suggested diminutive, pending manual review",llama3.1:latest
264,bed,bedie,"singular_noun, diminutive","ollama-suggested diminutive, pending manual review",llama3.1:latest
265,bedroom,beddy,"singular_noun, diminutive","ollama-suggested diminutive, pending manual review",llama3.1:latest
265,bedroom,bedroomy,"singular_noun, diminutive","ollama-suggested diminutive, pending manual review",llama3.1:latest
266,bench,benchie,"singular_noun, diminutive","ollama-suggested diminutive, pending manual review",llama3.1:latest
266,bench,bency,"singular_noun, diminutive","ollama-suggested diminutive, pending manual review",llama3.1:latest
267,chair,chairie,"singular_noun, diminutive","ollama-suggested diminutive, pending manual review",llama3.1:latest
267,chair,chairy,"singular_noun, diminutive","ollama-suggested diminutive, pending manual review",llama3.1:latest
268,closet,closety,"singular_noun, diminutive","ollama-suggested diminutive, pending manual review",llama3.1:latest
268,closet,closie,"singular_noun, diminutive","ollama-suggested diminutive, pending manual review",llama3.1:latest
269,couch,couchie,"singular_noun, diminutive","ollama-suggested diminutive, pending manual review",llama3.1:latest
269,couch,couchy,"singular_noun, diminutive","ollama-suggested diminutive, pending manual review",llama3.1:latest
270,crib,crabby,"singular_noun, diminutive","ollama-suggested diminutive, pending manual review",llama3.1:latest
270,crib,cribie,"singular_noun, diminutive","ollama-suggested diminutive, pending manual review",llama3.1:latest
271,door,doorie,"singular_noun, diminutive","ollama-suggested diminutive, pending manual review",llama3.1:latest
271,door,dorie,"singular_noun, diminutive","ollama-suggested diminutive, pending manual review",llama3.1:latest
272,drawer,drawie,"singular_noun, diminutive","ollama-suggested diminutive, pending manual review",llama3.1:latest
272,drawer,drawy,"singular_noun, diminutive","ollama-suggested diminutive, pending manual review",llama3.1:latest
273,dryer,driey,"singular_noun, diminutive","ollama-suggested diminutive, pending manual review",llama3.1:latest
273,dryer,dryie,"singular_noun, diminutive","ollama-suggested diminutive, pending manual review",llama3.1:latest
274,garage,garagey,"singular_noun, diminutive","ollama-suggested diminutive, pending manual review",llama3.1:latest
274,garage,garrgie,"singular_noun, diminutive","ollama-suggested diminutive, pending manual review",llama3.1:latest
275,high chair,highie chair,"singular_noun, diminutive","ollama-suggested diminutive, pending manual review",llama3.1:latest
275,high chair,highy chair,"singular_noun, diminutive","ollama-suggested diminutive, pending manual review",llama3.1:latest
276,kitchen,kitcheiny,"singular_noun, diminutive","ollama-suggested diminutive, pending manual review",llama3.1:latest
276,kitchen,kitchenie,"singular_noun, diminutive","ollama-suggested diminutive, pending manual review",llama3.1:latest
277,living room,living roomie,"singular_noun, diminutive","ollama-suggested diminutive, pending manual review",llama3.1:latest
277,living room,livvy roomy,"singular_noun, diminutive","ollama-suggested diminutive, pending manual review",llama3.1:latest
278,oven,ovvie,"singular_noun, diminutive","ollama-suggested diminutive, pending manual review",llama3.1:latest
278,oven,ovvy,"singular_noun, diminutive","ollama-suggested diminutive, pending manual review",llama3.1:latest
279,play pen,play penie,"singular_noun, diminutive","ollama-suggested diminutive, pending manual review",llama3.1:latest
279,play pen,play peny,"singular_noun, diminutive","ollama-suggested diminutive, pending manual review",llama3.1:latest
280,porch,porchie,"singular_noun, diminutive","ollama-suggested diminutive, pending manual review",llama3.1:latest
280,porch,porchy,"singular_noun, diminutive","ollama-suggested diminutive, pending manual review",llama3.1:latest
281,potty,potie,"singular_noun, diminutive","ollama-suggested diminutive, pending manual review",llama3.1:latest
282,rocking chair,rockie chair,"singular_noun, diminutive","ollama-suggested diminutive, pending manual review",llama3.1:latest
282,rocking chair,rocky chair,"singular_noun, diminutive","ollama-suggested diminutive, pending manual review",llama3.1:latest
283,refrigerator,fridgey,"singular_noun, diminutive","ollama-suggested diminutive, pending manual review",llama3.1:latest
283,refrigerator,refriggie,"singular_noun, diminutive","ollama-suggested diminutive, pending manual review",llama3.1:latest
284,room,roomie,"singular_noun, diminutive","ollama-suggested diminutive, pending manual review",llama3.1:latest
284,room,roomy,"singular_noun, diminutive","ollama-suggested diminutive, pending manual review",llama3.1:latest
285,shower,showerie,"singular_noun, diminutive","ollama-suggested diminutive, pending manual review",llama3.1:latest
285,shower,showery,"singular_noun, diminutive","ollama-suggested diminutive, pending manual review",llama3.1:latest
286,sink,sinkie,"singular_noun, diminutive","ollama-suggested diminutive, pending manual review",llama3.1:latest
286,sink,sinky,"singular_noun, diminutive","ollama-suggested diminutive, pending manual review",llama3.1:latest
287,sofa,sofie,"singular_noun, diminutive","ollama-suggested diminutive, pending manual review",llama3.1:latest
287,sofa,suffy,"singular_noun, diminutive","ollama-suggested diminutive, pending manual review",llama3.1:latest
289,stove,stovie,"singular_noun, diminutive","ollama-suggested diminutive, pending manual review",llama3.1:latest
289,stove,stovy,"singular_noun, diminutive","ollama-suggested diminutive, pending manual review",llama3.1:latest
290,table,tabley,"singular_noun, diminutive","ollama-suggested diminutive, pending manual review",llama3.1:latest
290,table,tablie,"singular_noun, diminutive","ollama-suggested diminutive, pending manual review",llama3.1:latest
291,tv,tvie,"singular_noun, diminutive","ollama-suggested diminutive, pending manual review",llama3.1:latest
291,tv,tvy,"singular_noun, diminutive","ollama-suggested diminutive, pending manual review",llama3.1:latest
292,window,windie,"singular_noun, diminutive","ollama-suggested diminutive, pending manual review",llama3.1:latest
292,window,windowy,"singular_noun, diminutive","ollama-suggested diminutive, pending manual review",llama3.1:latest
293,washing machine,washi machiney,"singular_noun, diminutive","ollama-suggested diminutive, pending manual review",llama3.1:latest
293,washing machine,washie machine,"singular_noun, diminutive","ollama-suggested diminutive, pending manual review",llama3.1:latest
293,washing machine,washing machie,"singular_noun, diminutive","ollama-suggested diminutive, pending manual review",llama3.1:latest
294,backyard,backie,"singular_noun, diminutive","ollama-suggested diminutive, pending manual review",llama3.1:latest
294,backyard,backy,"singular_noun, diminutive","ollama-suggested diminutive, pending manual review",llama3.1:latest
295,cloud,cloudie,"singular_noun, diminutive","ollama-suggested diminutive, pending manual review",llama3.1:latest
295,cloud,cloudy,"singular_noun, diminutive","ollama-suggested diminutive, pending manual review",llama3.1:latest
296,flag,flagey,"singular_noun, diminutive","ollama-suggested diminutive, pending manual review",llama3.1:latest
296,flag,flagie,"singular_noun, diminutive","ollama-suggested diminutive, pending manual review",llama3.1:latest
297,flower,floury,"singular_noun, diminutive","ollama-suggested diminutive, pending manual review",llama3.1:latest
297,flower,flowrie,"singular_noun, diminutive","ollama-suggested diminutive, pending manual review",llama3.1:latest
298,garden,gardeny,"singular_noun, diminutive","ollama-suggested diminutive, pending manual review",llama3.1:latest
298,garden,gardie,"singular_noun, diminutive","ollama-suggested diminutive, pending manual review",llama3.1:latest
300,hose,hosey,"singular_noun, diminutive","ollama-suggested diminutive, pending manual review",llama3.1:latest
300,hose,hosie,"singular_noun, diminutive","ollama-suggested diminutive, pending manual review",llama3.1:latest
301,ladder,laddee,"singular_noun, diminutive","ollama-suggested diminutive, pending manual review",llama3.1:latest
301,ladder,laddery,"singular_noun, diminutive","ollama-suggested diminutive, pending manual review",llama3.1:latest
302,lawn mower,lawnie mower,"singular_noun, diminutive","ollama-suggested diminutive, pending manual review",llama3.1:latest
302,lawn mower,lawny mowvie,"singular_noun, diminutive","ollama-suggested diminutive, pending manual review",llama3.1:latest
303,moon,moonie,"singular_noun, diminutive","ollama-suggested diminutive, pending manual review",llama3.1:latest
303,moon,moony,"singular_noun, diminutive","ollama-suggested diminutive, pending manual review",llama3.1:latest
304,pool,polly,"singular_noun, diminutive","ollama-suggested diminutive, pending manual review",llama3.1:latest
304,pool,poolie,"singular_noun, diminutive","ollama-suggested diminutive, pending manual review",llama3.1:latest
305,rain,raine,"singular_noun, diminutive","ollama-suggested diminutive, pending manual review",llama3.1:latest
305,rain,rainie,"singular_noun, diminutive","ollama-suggested diminutive, pending manual review",llama3.1:latest
306,rock,rockie,"singular_noun, diminutive","ollama-suggested diminutive, pending manual review",llama3.1:latest
306,rock,rokie,"singular_noun, diminutive","ollama-suggested diminutive, pending manual review",llama3.1:latest
307,roof,roofy,"singular_noun, diminutive","ollama-suggested diminutive, pending manual review",llama3.1:latest
307,roof,rooie,"singular_noun, diminutive","ollama-suggested diminutive, pending manual review",llama3.1:latest
308,sandbox,sandie,"singular_noun, diminutive","ollama-suggested diminutive, pending manual review",llama3.1:latest
308,sandbox,sandy,"singular_noun, diminutive","ollama-suggested diminutive, pending manual review",llama3.1:latest
309,shovel,shovely,"singular_noun, diminutive","ollama-suggested diminutive, pending manual review",llama3.1:latest
309,shovel,shovie,"singular_noun, diminutive","ollama-suggested diminutive, pending manual review",llama3.1:latest
310,sidewalk,siddy,"singular_noun, diminutive","ollama-suggested diminutive, pending manual review",llama3.1:latest
310,sidewalk,sidie,"singular_noun, diminutive","ollama-suggested diminutive, pending manual review",llama3.1:latest
311,sky,skie,"singular_noun, diminutive","ollama-suggested diminutive, pending manual review",llama3.1:latest
312,slide,slie,"singular_noun, diminutive","ollama-suggested diminutive, pending manual review",llama3.1:latest
312,slide,slye,"singular_noun, diminutive","ollama-suggested diminutive, pending manual review",llama3.1:latest
313,snow,snowie,"singular_noun, diminutive","ollama-suggested diminutive, pending manual review",llama3.1:latest
313,snow,snowy,"singular_noun, diminutive","ollama-suggested diminutive, pending manual review",llama3.1:latest
314,snowman,snowmie,"singular_noun, diminutive","ollama-suggested diminutive, pending manual review",llama3.1:latest
314,snowman,snowmnie,"singular_noun, diminutive","ollama-suggested diminutive, pending manual review",llama3.1:latest
314,snowman,snowyman,"singular_noun, diminutive","ollama-suggested diminutive, pending manual review",llama3.1:latest
315,sprinkler,sprinklie,"singular_noun, diminutive","ollama-suggested diminutive, pending manual review",llama3.1:latest
315,sprinkler,sprinky,"singular_noun, diminutive","ollama-suggested diminutive, pending manual review",llama3.1:latest
316,star,starie,"singular_noun, diminutive","ollama-suggested diminutive, pending manual review",llama3.1:latest
316,star,stary,"singular_noun, diminutive","ollama-suggested diminutive, pending manual review",llama3.1:latest
317,stick,stickey,"singular_noun, diminutive","ollama-suggested diminutive, pending manual review",llama3.1:latest
317,stick,stickie,"singular_noun, diminutive","ollama-suggested diminutive, pending manual review",llama3.1:latest
318,stone,stoney,"singular_noun, diminutive","ollama-suggested diminutive, pending manual review",llama3.1:latest
318,stone,stonie,"singular_noun, diminutive","ollama-suggested diminutive, pending manual review",llama3.1:latest
319,street,streetie,"singular_noun, diminutive","ollama-suggested diminutive, pending manual review",llama3.1:latest
319,street,streey,"singular_noun, diminutive","ollama-suggested diminutive, pending manual review",llama3.1:latest
320,sun,sunnie,"singular_noun, diminutive","ollama-suggested diminutive, pending manual review",llama3.1:latest
320,sun,sunny,"singular_noun, diminutive","ollama-suggested diminutive, pending manual review",llama3.1:latest
321,swing,swinge,"singular_noun, diminutive","ollama-suggested diminutive, pending manual review",llama3.1:latest
321,swing,swingy,"singular_noun, diminutive","ollama-suggested diminutive, pending manual review",llama3.1:latest
322,tree,treeie,"singular_noun, diminutive","ollama-suggested diminutive, pending manual review",llama3.1:latest
322,tree,treely,"singular_noun, diminutive","ollama-suggested diminutive, pending manual review",llama3.1:latest
324,wind,windie,"singular_noun, diminutive","ollama-suggested diminutive, pending manual review",llama3.1:latest
324,wind,winy,"singular_noun, diminutive","ollama-suggested diminutive, pending manual review",llama3.1:latest
325,beach,beachie,"singular_noun, diminutive","ollama-suggested diminutive, pending manual review",llama3.1:latest
325,beach,beachy,"singular_noun, diminutive","ollama-suggested diminutive, pending manual review",llama3.1:latest
326,camping,campie,"singular_noun, diminutive","ollama-suggested diminutive, pending manual review",llama3.1:latest
326,camping,campy,"singular_noun, diminutive","ollama-suggested diminutive, pending manual review",llama3.1:latest
327,church,churchie,"singular_noun, diminutive","ollama-suggested diminutive, pending manual review",llama3.1:latest
327,church,churchy,"singular_noun, diminutive","ollama-suggested diminutive, pending manual review",llama3.1:latest
329,country,countrie,"singular_noun, diminutive","ollama-suggested diminutive, pending manual review",llama3.1:latest
329,country,countryy,"singular_noun, diminutive","ollama-suggested diminutive, pending manual review",llama3.1:latest
330,downtown,downtie,"singular_noun, diminutive","ollama-suggested diminutive, pending manual review",llama3.1:latest
330,downtown,downtowny,"singular_noun, diminutive","ollama-suggested diminutive, pending manual review",llama3.1:latest
331,farm,fammy,"singular_noun, diminutive","ollama-suggested diminutive, pending manual review",llama3.1:latest
331,farm,farmie,"singular_noun, diminutive","ollama-suggested diminutive, pending manual review",llama3.1:latest
332,gas station,gasie,"singular_noun, diminutive","ollama-suggested diminutive, pending manual review",llama3.1:latest
332,gas station,gassy,"singular_noun, diminutive","ollama-suggested diminutive, pending manual review",llama3.1:latest
333,home,homie,"singular_noun, diminutive","ollama-suggested diminutive, pending manual review",llama3.1:latest
333,home,homy,"singular_noun, diminutive","ollama-suggested diminutive, pending manual review",llama3.1:latest
334,house,housey,"singular_noun, diminutive","ollama-suggested diminutive, pending manual review",llama3.1:latest
334,house,housie,"singular_noun, diminutive","ollama-suggested diminutive, pending manual review",llama3.1:latest
335,movie,moviey,"singular_noun, diminutive","ollama-suggested diminutive, pending manual review",llama3.1:latest
336,outside,outsey,"singular_noun, diminutive","ollama-suggested diminutive, pending manual review",llama3.1:latest
336,outside,outsidy,"singular_noun, diminutive","ollama-suggested diminutive, pending manual review",llama3.1:latest
337,park,parchy,"singular_noun, diminutive","ollama-suggested diminutive, pending manual review",llama3.1:latest
337,park,parkie,"singular_noun, diminutive","ollama-suggested diminutive, pending manual review",llama3.1:latest
338,party,partie,"singular_noun, diminutive","ollama-suggested diminutive, pending manual review",llama3.1:latest
339,picnic,picky,"singular_noun, diminutive","ollama-suggested diminutive, pending manual review",llama3.1:latest
339,picnic,picnie,"singular_noun, diminutive","ollama-suggested diminutive, pending manual review",llama3.1:latest
340,playground,playgroudie,"singular_noun, diminutive","ollama-suggested diminutive, pending manual review",llama3.1:latest
340,playground,playgroundy,"singular_noun, diminutive","ollama-suggested diminutive, pending manual review",llama3.1:latest
341,school,schoolie,"singular_noun, diminutive","ollama-suggested diminutive, pending manual review",llama3.1:latest
341,school,schooly,"singular_noun, diminutive","ollama-suggested diminutive, pending manual review",llama3.1:latest
342,store,storey,"singular_noun, diminutive","ollama-suggested diminutive, pending manual review",llama3.1:latest
342,store,storie,"singular_noun, diminutive","ollama-suggested diminutive, pending manual review",llama3.1:latest
344,work,workie,"singular_noun, diminutive","ollama-suggested diminutive, pending manual review",llama3.1:latest
344,work,wurky,"singular_noun, diminutive","ollama-suggested diminutive, pending manual review",llama3.1:latest
345,yard,yardie,"singular_noun, diminutive","ollama-suggested diminutive, pending manual review",llama3.1:latest
345,yard,yardy,"singular_noun, diminutive","ollama-suggested diminutive, pending manual review",llama3.1:latest
346,zoo,zooie,"singular_noun, diminutive","ollama-suggested diminutive, pending manual review",llama3.1:latest
346,zoo,zooy,"singular_noun, diminutive","ollama-suggested diminutive, pending manual review",llama3.1:latest
347,aunt,anty,"singular_noun, diminutive","ollama-suggested diminutive, pending manual review",llama3.1:latest
347,aunt,auntie,"singular_noun, diminutive","ollama-suggested diminutive, pending manual review",llama3.1:latest
348,baby,babbie,"singular_noun, diminutive","ollama-suggested diminutive, pending manual review",llama3.1:latest
348,baby,babiey,"singular_noun, diminutive","ollama-suggested diminutive, pending manual review",llama3.1:latest
349,babysitter,babbysittery,"singular_noun, diminutive","ollama-suggested diminutive, pending manual review",llama3.1:latest
349,babysitter,babysitterie,"singular_noun, diminutive","ollama-suggested diminutive, pending manual review",llama3.1:latest
350,babysitter's name,baby sitter y,"singular_noun, diminutive","ollama-suggested diminutive, pending manual review",llama3.1:latest
350,babysitter's name,babysitterie,"singular_noun, diminutive","ollama-suggested diminutive, pending manual review",llama3.1:latest
351,boy,boi,"singular_noun, diminutive","ollama-suggested diminutive, pending manual review",llama3.1:latest
351,boy,boyie,"singular_noun, diminutive","ollama-suggested diminutive, pending manual review",llama3.1:latest
352,brother,brotherie,"singular_noun, diminutive","ollama-suggested diminutive, pending manual review",llama3.1:latest
352,brother,brothy,"singular_noun, diminutive","ollama-suggested diminutive, pending manual review",llama3.1:latest
353,child,childee,"singular_noun, diminutive","ollama-suggested diminutive, pending manual review",llama3.1:latest
353,child,childy,"singular_noun, diminutive","ollama-suggested diminutive, pending manual review",llama3.1:latest
354,clown,clowie,"singular_noun, diminutive","ollama-suggested diminutive, pending manual review",llama3.1:latest
354,clown,clowny,"singular_noun, diminutive","ollama-suggested diminutive, pending manual review",llama3.1:latest
355,cowboy,cowbey,"singular_noun, diminutive","ollama-suggested diminutive, pending manual review",llama3.1:latest
355,cowboy,cubby,"singular_noun, diminutive","ollama-suggested diminutive, pending manual review",llama3.1:latest
356,daddy,daddie,"singular_noun, diminutive","ollama-suggested diminutive, pending manual review",llama3.1:latest
357,doctor,doctie,"singular_noun, diminutive","ollama-suggested diminutive, pending manual review",llama3.1:latest
357,doctor,docy,"singular_noun, diminutive","ollama-suggested diminutive, pending manual review",llama3.1:latest
358,fireman,firemie,"singular_noun, diminutive","ollama-suggested diminutive, pending manual review",llama3.1:latest
358,fireman,firey,"singular_noun, diminutive","ollama-suggested diminutive, pending manual review",llama3.1:latest
359,friend,frendy,"singular_noun, diminutive","ollama-suggested diminutive, pending manual review",llama3.1:latest
359,friend,friendie,"singular_noun, diminutive","ollama-suggested diminutive, pending manual review",llama3.1:latest
360,girl,girlie,"singular_noun, diminutive","ollama-suggested diminutive, pending manual review",llama3.1:latest
360,girl,girly,"singular_noun, diminutive","ollama-suggested diminutive, pending manual review",llama3.1:latest
361,grandma,grandie,"singular_noun, diminutive","ollama-suggested diminutive, pending manual review",llama3.1:latest
361,grandma,grannie,"singular_noun, diminutive","ollama-suggested diminutive, pending manual review",llama3.1:latest
362,grandpa,grandie,"singular_noun, diminutive","ollama-suggested diminutive, pending manual review",llama3.1:latest
362,grandpa,grandy,"singular_noun, diminutive","ollama-suggested diminutive, pending manual review",llama3.1:latest
363,lady,ladie,"singular_noun, diminutive","ollama-suggested diminutive, pending manual review",llama3.1:latest
363,lady,ladyie,"singular_noun, diminutive","ollama-suggested diminutive, pending manual review",llama3.1:latest
364,mailman,mailmie,"singular_noun, diminutive","ollama-suggested diminutive, pending manual review",llama3.1:latest
364,mailman,mailyman,"singular_noun, diminutive","ollama-suggested diminutive, pending manual review",llama3.1:latest
365,man,manie,"singular_noun, diminutive","ollama-suggested diminutive, pending manual review",llama3.1:latest
365,man,manny,"singular_noun, diminutive","ollama-suggested diminutive, pending manual review",llama3.1:latest
366,mommy,momie,"singular_noun, diminutive","ollama-suggested diminutive, pending manual review",llama3.1:latest
366,mommy,momy,"singular_noun, diminutive","ollama-suggested diminutive, pending manual review",llama3.1:latest
367,nurse,nursey,"singular_noun, diminutive","ollama-suggested diminutive, pending manual review",llama3.1:latest
367,nurse,nursie,"singular_noun, diminutive","ollama-suggested diminutive, pending manual review",llama3.1:latest
368,child's own name,childdy,"singular_noun, diminutive","ollama-suggested diminutive, pending manual review",llama3.1:latest
368,child's own name,childie,"singular_noun, diminutive","ollama-suggested diminutive, pending manual review",llama3.1:latest
368,child's own name,namey,"singular_noun, diminutive","ollama-suggested diminutive, pending manual review",llama3.1:latest
368,child's own name,owny,"singular_noun, diminutive","ollama-suggested diminutive, pending manual review",llama3.1:latest
370,person,personey,"singular_noun, diminutive","ollama-suggested diminutive, pending manual review",llama3.1:latest
370,person,personie,"singular_noun, diminutive","ollama-suggested diminutive, pending manual review",llama3.1:latest
371,pet's name,petie,"singular_noun, diminutive","ollama-suggested diminutive, pending manual review",llama3.1:latest
371,pet's name,petty,"singular_noun, diminutive","ollama-suggested diminutive, pending manual review",llama3.1:latest
372,police,policie,"singular_noun, diminutive","ollama-suggested diminutive, pending manual review",llama3.1:latest
372,police,polie,"singular_noun, diminutive","ollama-suggested diminutive, pending manual review",llama3.1:latest
373,sister,sistie,"singular_noun, diminutive","ollama-suggested diminutive, pending manual review",llama3.1:latest
373,sister,sisty,"singular_noun, diminutive","ollama-suggested diminutive, pending manual review",llama3.1:latest
374,teacher,teacherie,"singular_noun, diminutive","ollama-suggested diminutive, pending manual review",llama3.1:latest
374,teacher,teachy,"singular_noun, diminutive","ollama-suggested diminutive, pending manual review",llama3.1:latest
375,uncle,uncleie,"singular_noun, diminutive","ollama-suggested diminutive, pending manual review",llama3.1:latest
375,uncle,uncly,"singular_noun, diminutive","ollama-suggested diminutive, pending manual review",llama3.1:latest
